,Married,Education,Credit_History,Income,Application_Status
485,1,1,1,0,1
310,1,1,1,1,1
297,1,1,1,0,0
71,0,1,1,0,1
170,0,1,0,1,1
6,1,0,1,0,1
421,1,1,1,0,1
154,1,1,1,1,1
504,1,0,1,0,1
306,0,1,0,1,0
159,1,1,1,1,1
441,0,0,1,0,1
7,1,1,0,0,0
311,1,1,1,1,1
8,1,1,1,1,1
501,1,1,1,2,1
442,0,0,1,1,1
134,1,1,1,1,1
510,0,1,0,1,0
361,0,0,1,0,1
194,0,1,1,1,1
377,1,0,0,0,0
49,1,1,1,0,0
281,1,1,1,0,1
231,0,1,1,0,1
124,1,1,1,0,1
332,0,1,0,0,0
59,1,1,1,2,1
459,1,0,1,0,1
399,1,1,1,0,0
445,0,0,1,2,1
496,1,0,1,1,0
173,1,0,1,0,1
142,1,1,1,0,1
55,1,1,0,1,0
171,1,0,1,0,0
144,1,1,1,1,1
252,1,1,1,1,1
387,1,1,1,0,1
429,1,1,1,0,1
507,1,1,1,1,1
344,1,0,0,1,0
52,1,1,1,0,1
74,1,1,1,0,1
26,1,1,1,0,1
210,1,1,1,0,1
4,0,1,1,1,1
325,0,1,1,1,1
249,1,1,0,1,0
254,0,1,1,1,0
5,1,1,1,1,1
141,1,1,1,1,0
414,1,0,1,0,1
135,1,0,1,0,1
382,1,1,1,1,1
122,1,1,1,0,1
22,1,0,1,1,1
68,0,1,1,0,0
20,1,1,1,1,1
363,0,1,0,1,0
14,0,1,1,1,1
467,1,0,1,0,1
438,1,1,1,2,1
191,1,1,1,1,1
64,0,1,1,0,1
450,1,1,1,1,1
240,1,1,1,0,1
81,1,0,1,0,1
364,1,1,1,0,1
309,0,1,1,2,1
200,0,1,1,0,1
481,0,1,1,0,1
465,1,1,1,0,1
160,0,0,1,1,1
488,1,1,1,0,1
372,0,0,1,1,1
206,1,0,1,0,1
495,0,0,1,0,1
246,0,1,1,1,1
51,1,0,1,0,1
326,1,1,1,1,1
295,1,1,1,0,1
340,0,0,1,0,1
164,0,1,1,1,1
106,0,1,1,0,1
432,0,0,1,0,0
63,1,0,1,0,1
352,1,1,1,1,1
186,1,1,1,0,1
437,0,1,1,1,0
461,1,0,0,0,0
301,1,1,1,1,1
89,0,1,1,1,1
319,0,1,1,1,1
272,1,0,1,0,1
93,1,1,0,0,0
422,1,1,1,0,1
469,1,1,1,1,1
315,0,1,1,0,0
345,1,0,1,0,1
92,1,1,1,2,1
18,1,1,1,1,1
263,0,1,1,2,0
198,1,1,1,0,1
145,1,0,1,0,0
158,1,1,0,0,0
150,1,1,0,1,0
253,1,1,1,1,1
489,0,0,1,0,1
167,0,0,1,0,1
85,1,1,1,0,1
239,1,1,1,0,1
500,0,1,1,0,1
66,1,1,1,1,1
316,1,1,1,1,1
261,0,1,1,0,1
140,1,1,1,0,1
101,0,1,1,2,1
402,1,1,1,0,1
2,1,1,1,0,1
417,0,1,1,0,1
221,0,1,1,0,1
17,1,0,0,1,0
146,1,1,1,1,1
460,1,1,1,0,1
482,1,1,1,0,1
30,1,1,1,0,1
114,1,1,1,0,1
241,0,1,1,0,1
103,0,1,0,0,1
471,1,1,0,1,0
329,0,1,0,0,0
176,0,0,1,0,1
391,1,1,1,1,0
116,1,0,1,1,0
168,0,1,1,2,0
424,0,0,1,0,0
120,1,1,1,0,1
268,1,1,1,0,1
112,1,1,1,1,0
383,1,1,1,0,0
298,1,0,0,0,0
289,1,0,1,0,1
136,1,1,1,1,0
190,1,1,1,1,1
355,1,1,0,1,0
181,1,1,1,1,1
126,1,1,1,1,1
462,1,1,0,0,0
34,0,1,1,0,1
416,0,1,0,1,0
381,1,1,1,0,1
362,0,1,1,1,1
255,1,1,1,0,0
232,1,1,1,0,1
133,1,1,1,1,1
33,0,1,1,0,0
490,1,1,0,0,0
44,0,1,1,1,0
61,0,1,0,1,0
199,1,1,1,1,1
350,1,1,1,0,1
293,1,1,1,0,1
218,0,0,0,1,0
73,1,1,1,0,0
35,1,1,1,0,1
351,1,1,1,0,1
29,1,1,0,0,0
390,1,0,0,0,0
386,1,1,1,1,1
453,1,1,1,0,1
217,0,1,1,0,1
27,0,1,1,2,0
342,1,1,0,2,0
299,1,1,1,1,1
156,1,1,1,0,1
343,0,0,1,0,0
353,0,0,0,0,0
138,1,1,1,1,1
212,1,0,0,0,0
104,1,1,1,0,1
428,0,1,1,1,0
354,1,1,1,0,1
503,1,1,1,0,1
215,1,0,1,0,1
393,1,0,0,0,0
189,0,1,1,0,1
214,0,0,1,0,1
204,0,1,1,0,1
234,1,1,1,0,1
259,0,1,1,1,1
67,0,1,1,0,0
24,0,1,1,0,0
216,0,1,0,2,0
223,0,1,1,1,1
129,0,1,1,1,0
111,0,1,1,1,1
166,0,1,1,1,1
426,1,1,1,0,1
403,1,1,1,2,1
40,1,1,0,0,0
274,1,1,0,1,0
365,0,1,1,0,1
79,1,1,1,0,1
320,1,1,1,1,0
322,1,0,0,0,0
13,1,1,1,0,1
287,1,0,1,0,1
418,0,1,1,0,1
505,1,1,1,0,1
228,0,1,1,0,1
161,0,1,1,2,0
83,0,0,1,0,1
508,1,1,1,1,1
483,1,1,1,1,1
110,1,1,1,0,1
149,1,1,1,0,1
152,0,0,0,0,0
16,1,0,1,1,0
347,0,1,1,0,1
109,0,1,1,0,1
360,1,1,1,0,1
139,1,1,1,1,1
237,1,1,1,2,1
260,0,0,1,0,0
366,0,1,1,0,1
317,0,1,1,1,1
506,0,1,1,0,1
409,0,1,1,0,0
248,1,1,1,0,1
336,0,0,1,0,1
394,1,1,1,1,1
19,1,0,0,0,0
328,1,1,1,0,1
296,1,1,1,1,1
269,1,1,1,2,0
226,1,1,1,1,1
392,1,1,1,0,1
3,1,0,1,0,1
357,1,1,1,0,1
125,0,1,1,2,0
280,0,1,1,0,1
286,1,0,1,1,1
77,0,1,1,1,1
184,1,0,1,0,1
463,1,1,1,1,1
487,1,1,1,1,0
275,0,1,0,1,1
294,1,1,0,1,0
446,1,1,1,1,1
182,1,0,1,1,1
457,1,1,1,0,1
80,1,1,1,1,1
307,1,1,1,1,1
258,1,1,1,0,1
11,1,1,1,0,1
379,1,1,0,0,1
86,1,0,1,1,1
266,0,1,1,0,1
36,1,0,1,1,1
491,1,1,1,0,1
58,0,0,0,0,0
41,0,1,1,1,1
270,1,1,1,0,1
50,1,1,1,1,1
209,1,0,1,1,1
406,0,1,0,0,0
405,1,0,1,0,1
473,1,1,0,0,0
123,1,1,1,2,1
222,0,1,1,0,0
62,1,1,1,0,1
385,1,1,1,1,0
130,1,0,1,0,0
187,1,1,0,0,0
23,0,0,1,0,0
43,0,1,1,0,1
451,0,1,0,0,0
0,0,1,1,1,1
201,1,1,1,0,1
368,0,1,0,2,0
436,1,1,1,1,1
98,1,1,1,2,1
349,1,1,1,0,0
304,0,0,1,1,0
498,1,1,1,1,1
178,0,1,1,0,0
369,1,0,1,1,1
256,1,0,0,0,0
94,1,0,1,0,1
475,1,1,0,0,0
95,0,1,1,1,1
452,1,0,1,0,1
169,1,0,1,0,1
69,1,1,1,0,0
305,0,1,1,0,0
48,1,1,1,0,1
341,1,1,0,1,0
373,0,1,1,2,1
397,1,1,1,1,1
207,0,1,1,1,0
279,0,1,1,1,1
227,1,1,0,1,1
148,1,1,1,0,1
143,0,1,0,0,0
334,0,0,1,0,0
180,1,1,0,0,0
356,1,1,1,2,1
131,0,1,1,0,1
458,1,1,0,1,0
509,1,1,1,1,1
262,0,1,0,0,0
324,1,1,1,1,1
203,1,0,1,0,0
84,1,1,1,0,1
121,1,1,1,2,1
493,1,1,1,0,1
444,0,1,0,0,0
470,0,0,1,1,1
477,1,1,1,2,1
384,0,1,1,1,1
91,1,1,1,0,1
82,0,1,1,1,1
267,1,0,1,0,1
119,0,1,1,1,1
358,0,0,1,1,0
291,1,1,1,1,1
57,1,1,1,1,0
425,1,1,1,1,1
321,0,0,1,0,1
257,0,1,1,1,1
376,1,1,0,0,0
456,0,1,0,1,0
42,1,0,1,0,1
105,1,0,1,1,1
388,0,1,0,1,0
474,0,1,1,0,0
273,1,1,1,2,1
454,0,0,1,0,0
38,1,1,1,1,1
389,0,1,1,1,1
53,1,1,1,0,1
420,1,0,1,0,1
447,0,1,1,0,1
128,1,1,1,0,1
290,1,1,1,0,1
28,1,1,1,0,1
183,1,1,1,0,1
370,0,1,1,0,1
163,0,1,1,0,1
151,1,1,1,0,1
244,0,1,1,0,0
202,1,1,1,1,1
31,0,1,1,1,1
32,0,0,1,0,1
127,0,1,0,1,0
185,1,1,1,0,0
480,1,1,1,0,1
449,1,1,1,1,1
288,1,1,1,0,1
423,0,1,1,2,1
398,1,1,1,2,1
466,1,1,1,1,1
147,1,0,1,1,0
285,0,1,1,0,0
476,1,1,1,0,1
177,0,1,1,0,1
99,1,1,1,0,1
338,0,1,1,1,1
448,1,0,1,0,0
431,0,1,1,1,0
335,0,1,1,0,1
197,0,1,1,1,1
243,0,1,1,0,1
464,1,1,1,2,1
115,0,1,0,2,0
404,1,1,1,1,1
265,0,0,1,0,1
72,1,1,1,0,1
333,1,0,0,0,0
25,0,1,1,1,0
165,1,1,1,0,0
337,0,1,1,1,0
494,1,1,1,2,1
174,0,0,1,1,1
497,1,1,1,1,1
39,1,1,1,1,1
486,1,1,0,0,0
193,1,1,1,1,1
314,1,1,1,1,1
396,1,1,1,2,1
88,1,0,1,1,1
472,0,1,1,0,1
70,1,1,0,0,0
87,1,1,1,0,1
292,0,1,1,1,0
242,1,1,1,2,0
277,1,1,1,1,0
211,1,1,1,0,1
9,1,1,1,2,0
359,1,1,1,1,1
195,1,1,1,0,1
251,1,1,1,0,1
323,1,1,1,0,1
192,1,1,1,0,0
117,1,1,1,1,0
47,1,1,1,0,1
172,1,0,1,0,1
